                  epoch,         train/box_loss,         train/cls_loss,         train/dfl_loss,   metrics/precision(B),      metrics/recall(B),       metrics/mAP50(B),    metrics/mAP50-95(B),           val/box_loss,           val/cls_loss,           val/dfl_loss,                 lr/pg0,                 lr/pg1,                 lr/pg2
                      1,                 3.2965,                 4.8035,                  3.939,                0.00183,                0.11009,                 0.0014,                0.00036,                 2.9713,                 4.4805,                 3.4841,               0.070058,              0.0033269,              0.0033269
                      2,                 2.3338,                  3.974,                 2.7487,                0.34004,                 0.0739,                0.03739,                0.01502,                 2.1412,                  3.446,                 2.6153,               0.040025,              0.0066273,              0.0066273
                      3,                  1.913,                 3.3658,                 2.2578,                0.20698,                 0.1351,                0.06547,                0.03036,                  1.947,                 3.3076,                 2.3117,               0.009959,              0.0098946,              0.0098946
                      4,                 1.7601,                 3.0213,                 2.0472,                0.23605,                0.20056,                0.12688,                 0.0635,                 1.7895,                 2.7923,                 2.1213,              0.0098515,              0.0098515,              0.0098515
                      5,                 1.6414,                 2.8039,                 1.9286,                0.20751,                0.24103,                0.15942,                0.08211,                 1.6839,                 2.6264,                 2.0262,               0.009802,               0.009802,               0.009802
                      6,                 1.5734,                 2.6418,                 1.8633,                0.24027,                0.24316,                0.17371,                0.09172,                 1.7161,                  2.665,                 1.9947,              0.0097525,              0.0097525,              0.0097525
                      7,                 1.5259,                 2.5106,                 1.8111,                0.28921,                0.29829,                0.23443,                0.12821,                 1.5716,                 2.3296,                 1.9102,               0.009703,               0.009703,               0.009703
                      8,                  1.477,                 2.4175,                 1.7682,                0.33501,                0.33056,                0.26947,                0.14755,                 1.5631,                 2.2687,                 1.8442,              0.0096535,              0.0096535,              0.0096535
                      9,                 1.4469,                 2.3303,                 1.7348,                0.38406,                0.32954,                0.29173,                0.17147,                  1.468,                 2.1816,                 1.7846,               0.009604,               0.009604,               0.009604
                     10,                 1.4142,                 2.2717,                 1.7098,                0.36433,                0.35629,                0.31408,                0.18439,                 1.4515,                 2.1062,                 1.7883,              0.0095545,              0.0095545,              0.0095545
                     11,                 1.3822,                 2.1963,                 1.6788,                0.41363,                 0.3776,                0.35871,                0.21538,                 1.4185,                 1.9773,                 1.7328,               0.009505,               0.009505,               0.009505
                     12,                 1.3685,                 2.1482,                 1.6645,                0.46753,                0.39514,                0.38672,                0.23392,                 1.4022,                 1.9031,                 1.7048,              0.0094555,              0.0094555,              0.0094555
                     13,                 1.3376,                 2.0846,                 1.6358,                0.47683,                0.42705,                 0.4277,                0.26611,                 1.3477,                 1.7824,                 1.6421,               0.009406,               0.009406,               0.009406
                     14,                  1.327,                 2.0385,                 1.6302,                0.46094,                0.42002,                0.41793,                 0.2616,                 1.3364,                 1.8147,                 1.6472,              0.0093565,              0.0093565,              0.0093565
                     15,                 1.3083,                 2.0183,                 1.6154,                0.53262,                0.43449,                0.46399,                0.29331,                 1.3025,                  1.701,                 1.6085,               0.009307,               0.009307,               0.009307
                     16,                 1.2906,                 1.9559,                 1.5977,                0.54703,                0.45346,                 0.4781,                0.30055,                 1.2991,                 1.6645,                 1.6089,              0.0092575,              0.0092575,              0.0092575
                     17,                 1.2716,                 1.9233,                 1.5805,                0.53231,                0.48298,                0.50102,                0.31942,                  1.267,                 1.5979,                 1.5622,               0.009208,               0.009208,               0.009208
                     18,                 1.2596,                 1.8749,                 1.5687,                0.56663,                0.48159,                0.51969,                0.33647,                  1.239,                 1.6069,                 1.5401,              0.0091585,              0.0091585,              0.0091585
                     19,                 1.2467,                 1.8511,                 1.5569,                0.58635,                0.50463,                0.53586,                0.35182,                 1.2342,                 1.5106,                 1.5409,               0.009109,               0.009109,               0.009109
                     20,                 1.2372,                 1.8188,                 1.5508,                0.60349,                0.51652,                0.55738,                0.37017,                 1.2094,                 1.4686,                 1.5096,              0.0090595,              0.0090595,              0.0090595
                     21,                  1.221,                  1.789,                 1.5377,                0.60014,                0.53381,                0.57133,                0.38283,                 1.1937,                 1.4258,                 1.4997,                0.00901,                0.00901,                0.00901
                     22,                 1.2164,                 1.7655,                 1.5275,                0.62438,                0.53488,                 0.5717,                0.38133,                 1.1738,                 1.4324,                 1.4799,              0.0089605,              0.0089605,              0.0089605
                     23,                 1.1993,                 1.7268,                 1.5122,                0.63789,                0.55321,                0.60287,                 0.4071,                 1.1555,                  1.364,                 1.4654,               0.008911,               0.008911,               0.008911
                     24,                 1.1874,                  1.703,                 1.5026,                0.61903,                0.56175,                0.60404,                0.41087,                 1.1492,                 1.3436,                 1.4478,              0.0088615,              0.0088615,              0.0088615
                     25,                 1.1754,                 1.6791,                 1.4934,                0.66046,                0.56238,                0.62292,                0.42565,                 1.1302,                 1.3094,                  1.441,               0.008812,               0.008812,               0.008812
                     26,                 1.1737,                 1.6627,                 1.4907,                0.65615,                0.57321,                0.63353,                0.43585,                 1.1212,                 1.2747,                 1.4293,              0.0087625,              0.0087625,              0.0087625
                     27,                 1.1622,                 1.6313,                 1.4786,                0.66766,                0.58424,                0.64354,                0.44235,                 1.1117,                 1.2605,                 1.4196,               0.008713,               0.008713,               0.008713
                     28,                 1.1505,                 1.6171,                 1.4704,                0.68977,                0.57953,                0.64801,                0.44837,                 1.1035,                 1.2374,                 1.4085,              0.0086635,              0.0086635,              0.0086635
                     29,                 1.1483,                 1.5965,                 1.4679,                0.70367,                 0.5832,                0.65841,                0.45872,                 1.0924,                 1.2094,                 1.3977,               0.008614,               0.008614,               0.008614
                     30,                 1.1408,                 1.5883,                 1.4617,                0.68987,                0.59704,                0.66801,                0.46726,                 1.0871,                 1.1932,                 1.3972,              0.0085645,              0.0085645,              0.0085645
                     31,                 1.1379,                 1.5654,                  1.456,                0.69174,                0.60332,                 0.6719,                0.47124,                 1.0732,                 1.1835,                 1.3828,               0.008515,               0.008515,               0.008515
                     32,                 1.1246,                 1.5416,                  1.446,                0.69945,                0.61503,                0.68239,                0.48201,                  1.066,                 1.1539,                 1.3737,              0.0084655,              0.0084655,              0.0084655
                     33,                 1.1191,                 1.5225,                  1.443,                0.68746,                0.62893,                0.68764,                 0.4858,                 1.0547,                 1.1444,                 1.3689,               0.008416,               0.008416,               0.008416
                     34,                 1.1099,                 1.5156,                 1.4356,                0.71526,                0.61625,                0.68989,                0.48913,                 1.0461,                 1.1323,                 1.3567,              0.0083665,              0.0083665,              0.0083665
                     35,                 1.1065,                 1.4976,                 1.4287,                0.70067,                0.64236,                0.70203,                0.49765,                 1.0433,                 1.1084,                 1.3581,               0.008317,               0.008317,               0.008317
                     36,                 1.0929,                 1.4727,                 1.4257,                0.71657,                0.63955,                0.70599,                0.50435,                 1.0343,                 1.0972,                  1.349,              0.0082675,              0.0082675,              0.0082675
                     37,                 1.0947,                 1.4687,                  1.424,                 0.7291,                0.63641,                0.71134,                0.50931,                 1.0233,                 1.0869,                 1.3388,               0.008218,               0.008218,               0.008218
                     38,                 1.0825,                 1.4514,                 1.4116,                0.72896,                0.63941,                0.71508,                0.51339,                 1.0203,                 1.0745,                 1.3327,              0.0081685,              0.0081685,              0.0081685
                     39,                 1.0776,                   1.43,                 1.4055,                0.71929,                0.65491,                0.72074,                0.51965,                 1.0125,                 1.0604,                 1.3275,               0.008119,               0.008119,               0.008119
                     40,                 1.0716,                 1.4245,                 1.4052,                0.72242,                0.65856,                0.72188,                0.52148,                 1.0064,                 1.0453,                 1.3226,              0.0080695,              0.0080695,              0.0080695
                     41,                 1.0638,                 1.4042,                 1.3924,                0.73734,                0.64931,                0.72608,                0.52511,                 1.0045,                 1.0421,                 1.3195,                0.00802,                0.00802,                0.00802
                     42,                 1.0672,                 1.4017,                 1.3994,                0.74101,                0.65547,                0.73186,                0.53046,                0.99893,                 1.0323,                 1.3156,              0.0079705,              0.0079705,              0.0079705
                     43,                 1.0555,                 1.3796,                  1.386,                0.74233,                0.65955,                0.73619,                0.53425,                0.99869,                 1.0246,                 1.3115,               0.007921,               0.007921,               0.007921
                     44,                 1.0508,                 1.3755,                 1.3856,                0.74177,                 0.6655,                0.73926,                0.53772,                0.99356,                 1.0193,                  1.309,              0.0078715,              0.0078715,              0.0078715
                     45,                 1.0505,                 1.3659,                 1.3843,                0.73713,                0.66874,                0.74338,                0.54008,                0.99043,                   1.01,                 1.3065,               0.007822,               0.007822,               0.007822
                     46,                 1.0455,                 1.3558,                 1.3792,                0.74325,                0.67309,                 0.7453,                 0.5426,                0.98528,                 1.0034,                 1.3008,              0.0077725,              0.0077725,              0.0077725
                     47,                 1.0433,                 1.3312,                  1.376,                0.74534,                0.67454,                0.74764,                0.54525,                0.98268,                0.99455,                 1.2977,               0.007723,               0.007723,               0.007723
                     48,                  1.038,                 1.3313,                 1.3726,                 0.7465,                0.68216,                0.75145,                0.54937,                0.98031,                0.98442,                 1.2959,              0.0076735,              0.0076735,              0.0076735
                     49,                 1.0348,                 1.3219,                 1.3701,                0.75148,                0.67763,                0.75265,                0.55149,                0.97591,                0.97939,                 1.2917,               0.007624,               0.007624,               0.007624
                     50,                 1.0292,                 1.3119,                 1.3638,                0.76266,                0.67433,                0.75353,                0.55329,                0.97193,                0.97491,                 1.2891,              0.0075745,              0.0075745,              0.0075745
                     51,                 1.0225,                  1.296,                 1.3594,                 0.7611,                0.68065,                 0.7544,                0.55498,                0.96884,                0.96973,                 1.2868,               0.007525,               0.007525,               0.007525
                     52,                 1.0235,                 1.2908,                  1.359,                0.76085,                 0.6825,                0.75676,                0.55736,                0.96671,                0.96362,                 1.2842,              0.0074755,              0.0074755,              0.0074755
                     53,                 1.0125,                 1.2832,                 1.3505,                0.75375,                0.69128,                0.75918,                0.55967,                0.96502,                0.96136,                  1.282,               0.007426,               0.007426,               0.007426
                     54,                 1.0138,                 1.2719,                 1.3555,                0.74709,                0.69711,                0.76119,                0.56173,                 0.9644,                0.95654,                 1.2812,              0.0073765,              0.0073765,              0.0073765
                     55,                 1.0086,                 1.2503,                 1.3457,                0.75646,                0.69764,                0.76319,                0.56326,                0.96229,                0.95091,                 1.2793,               0.007327,               0.007327,               0.007327
                     56,                 1.0048,                 1.2493,                 1.3421,                0.75457,                 0.7015,                0.76531,                0.56463,                0.96004,                0.94659,                 1.2771,              0.0072775,              0.0072775,              0.0072775
                     57,                 1.0025,                 1.2427,                 1.3413,                0.75605,                0.69952,                0.76621,                 0.5661,                0.95766,                0.94345,                 1.2744,               0.007228,               0.007228,               0.007228
                     58,                0.99944,                 1.2368,                 1.3392,                0.76094,                0.69956,                0.76772,                0.56782,                0.95638,                0.93896,                 1.2734,              0.0071785,              0.0071785,              0.0071785
                     59,                0.99925,                 1.2277,                 1.3371,                0.76527,                 0.6993,                0.76902,                0.56884,                0.95532,                 0.9355,                 1.2722,               0.007129,               0.007129,               0.007129
                     60,                0.99259,                 1.2181,                 1.3335,                0.76215,                0.70228,                0.77026,                0.56988,                 0.9541,                0.93171,                 1.2709,              0.0070795,              0.0070795,              0.0070795
                     61,                0.99339,                 1.2157,                  1.332,                0.75911,                0.70655,                0.77231,                0.57123,                0.95269,                0.92814,                 1.2692,                0.00703,                0.00703,                0.00703
                     62,                0.98452,                 1.1983,                 1.3275,                0.76274,                0.70599,                0.77311,                0.57235,                0.95145,                 0.9246,                 1.2679,              0.0069805,              0.0069805,              0.0069805
                     63,                0.98823,                 1.2015,                 1.3261,                 0.7687,                0.70138,                0.77415,                0.57328,                0.94978,                0.92155,                  1.266,               0.006931,               0.006931,               0.006931
                     64,                0.97999,                 1.1854,                 1.3218,                0.76692,                0.70638,                0.77496,                0.57412,                0.94826,                0.91919,                 1.2645,              0.0068815,              0.0068815,              0.0068815
                     65,                0.97223,                 1.1763,                 1.3162,                0.76937,                0.70749,                0.77616,                0.57563,                0.94703,                0.91606,                 1.2632,               0.006832,               0.006832,               0.006832
                     66,                0.97187,                 1.1736,                 1.3157,                0.77123,                0.70752,                0.77707,                0.57652,                0.94566,                0.91299,                 1.2618,              0.0067825,              0.0067825,              0.0067825
                     67,                0.96809,                 1.1662,                 1.3144,                0.76871,                0.71055,                0.77795,                0.57779,                0.94397,                0.91068,                 1.2605,               0.006733,               0.006733,               0.006733
                     68,                0.97046,                 1.1567,                 1.3117,                0.76908,                0.71099,                0.77894,                0.57927,                0.94241,                0.90752,                 1.2592,              0.0066835,              0.0066835,              0.0066835
                     69,                0.96066,                 1.1526,                 1.3054,                 0.7703,                0.71192,                0.78036,                0.58007,                0.94135,                 0.9045,                 1.2583,               0.006634,               0.006634,               0.006634
                     70,                0.95868,                 1.1474,                 1.3068,                0.76763,                0.71458,                0.78122,                0.58124,                0.94039,                0.90189,                 1.2574,              0.0065845,              0.0065845,              0.0065845
                     71,                  0.956,                 1.1458,                 1.3017,                0.76933,                0.71465,                0.78182,                 0.5823,                0.93893,                0.89919,                 1.2561,               0.006535,               0.006535,               0.006535
                     72,                0.95155,                 1.1353,                 1.2991,                0.77144,                0.71404,                0.78267,                0.58345,                0.93816,                0.89685,                 1.2552,              0.0064855,              0.0064855,              0.0064855
                     73,                0.95619,                 1.1288,                 1.3006,                0.76777,                0.71781,                 0.7834,                0.58399,                0.93735,                0.89487,                 1.2543,               0.006436,               0.006436,               0.006436
                     74,                0.95085,                 1.1199,                 1.2967,                0.77008,                0.71777,                0.78425,                0.58474,                0.93669,                0.89269,                 1.2537,              0.0063865,              0.0063865,              0.0063865
                     75,                0.94122,                 1.1125,                 1.2913,                0.76628,                0.72124,                0.78491,                0.58541,                 0.9362,                0.89041,                 1.2531,               0.006337,               0.006337,               0.006337
                     76,                0.94298,                 1.0974,                 1.2893,                0.76626,                0.72101,                0.78545,                0.58622,                0.93564,                0.88823,                 1.2525,              0.0062875,              0.0062875,              0.0062875
                     77,                0.94344,                 1.1051,                 1.2931,                0.76598,                 0.7209,                0.78583,                0.58705,                0.93491,                0.88606,                 1.2518,               0.006238,               0.006238,               0.006238
                     78,                0.93786,                 1.1002,                 1.2898,                0.76803,                0.72145,                0.78648,                 0.5872,                0.93427,                0.88462,                 1.2511,              0.0061885,              0.0061885,              0.0061885
                     79,                0.93725,                 1.0941,                 1.2871,                0.76832,                0.72246,                0.78713,                0.58812,                0.93359,                 0.8828,                 1.2502,               0.006139,               0.006139,               0.006139
                     80,                0.93091,                 1.0785,                 1.2805,                0.76939,                0.72329,                0.78779,                0.58867,                0.93339,                0.88138,                   1.25,              0.0060895,              0.0060895,              0.0060895
                     81,                0.93282,                 1.0779,                 1.2816,                0.77022,                0.72347,                0.78842,                0.58914,                0.93305,                 0.8797,                 1.2494,                0.00604,                0.00604,                0.00604
                     82,                0.93134,                 1.0831,                 1.2825,                0.77158,                0.72332,                0.78911,                0.58992,                0.93246,                0.87826,                 1.2488,              0.0059905,              0.0059905,              0.0059905
                     83,                0.92726,                 1.0693,                 1.2778,                0.77327,                0.72291,                0.78975,                0.59037,                0.93192,                0.87668,                 1.2482,               0.005941,               0.005941,               0.005941
                     84,                0.92482,                 1.0614,                 1.2748,                0.77333,                0.72413,                0.79044,                0.59115,                0.93118,                0.87478,                 1.2474,              0.0058915,              0.0058915,              0.0058915
                     85,                 0.9189,                 1.0546,                 1.2725,                0.77307,                0.72439,                0.79094,                0.59128,                0.93075,                0.87278,                 1.2469,               0.005842,               0.005842,               0.005842
                     86,                0.91483,                 1.0489,                 1.2728,                0.77509,                0.72408,                0.79146,                  0.592,                0.92987,                0.87038,                  1.246,              0.0057925,              0.0057925,              0.0057925
                     87,                0.92233,                 1.0527,                 1.2735,                 0.7874,                0.71579,                0.79212,                0.59246,                0.92963,                0.86812,                 1.2455,               0.005743,               0.005743,               0.005743
                     88,                0.91747,                 1.0535,                 1.2709,                0.77785,                0.72345,                0.79274,                0.59297,                  0.929,                0.86644,                 1.2447,              0.0056935,              0.0056935,              0.0056935
                     89,                 0.9103,                 1.0434,                 1.2633,                0.77675,                0.72438,                0.79318,                 0.5937,                0.92837,                0.86454,                  1.244,               0.005644,               0.005644,               0.005644
                     90,                0.91079,                 1.0338,                 1.2634,                 0.7772,                0.72319,                0.79366,                0.59451,                0.92795,                0.86241,                 1.2434,              0.0055945,              0.0055945,              0.0055945
                     91,                0.90113,                 1.0267,                 1.2591,                0.78008,                0.72303,                0.79425,                0.59525,                0.92743,                0.86022,                 1.2428,               0.005545,               0.005545,               0.005545
                     92,                0.90586,                 1.0155,                 1.2585,                 0.7834,                0.72023,                0.79463,                0.59583,                0.92701,                0.85779,                 1.2421,              0.0054955,              0.0054955,              0.0054955
                     93,                0.89746,                 1.0091,                 1.2547,                0.78328,                0.72148,                0.79507,                0.59638,                0.92611,                0.85576,                 1.2411,               0.005446,               0.005446,               0.005446
                     94,                0.89925,                 1.0064,                  1.254,                0.77986,                0.72523,                0.79547,                0.59707,                0.92551,                0.85408,                 1.2403,              0.0053965,              0.0053965,              0.0053965
                     95,                0.89683,                 1.0034,                 1.2516,                0.78065,                0.72483,                 0.7957,                0.59771,                0.92499,                0.85202,                 1.2396,               0.005347,               0.005347,               0.005347
                     96,                0.89747,                 1.0051,                 1.2514,                0.78352,                0.72414,                0.79664,                0.59832,                0.92442,                 0.8499,                 1.2387,              0.0052975,              0.0052975,              0.0052975
                     97,                 0.8863,                0.99294,                 1.2447,                0.78444,                0.72283,                0.79752,                0.59897,                0.92373,                0.84826,                 1.2378,               0.005248,               0.005248,               0.005248
                     98,                0.89253,                0.99159,                 1.2504,                 0.7864,                0.72342,                0.79811,                0.59946,                0.92331,                0.84659,                 1.2372,              0.0051985,              0.0051985,              0.0051985
                     99,                0.88713,                 0.9861,                 1.2433,                0.78702,                0.72347,                0.79837,                0.60033,                0.92289,                0.84467,                 1.2365,               0.005149,               0.005149,               0.005149
                    100,                0.88389,                0.97802,                 1.2418,                0.78535,                0.72589,                0.79887,                0.60107,                0.92274,                0.84261,                 1.2362,              0.0050995,              0.0050995,              0.0050995
                    101,                0.87969,                0.96547,                 1.2378,                0.78495,                0.72542,                0.79932,                0.60156,                0.92244,                0.84071,                 1.2357,                0.00505,                0.00505,                0.00505
                    102,                0.88444,                0.97118,                  1.244,                0.78475,                0.72687,                0.79957,                0.60184,                0.92175,                 0.8389,                  1.235,              0.0050005,              0.0050005,              0.0050005
                    103,                0.88166,                0.97156,                  1.241,                0.78158,                0.72995,                0.80012,                0.60239,                0.92133,                0.83696,                 1.2343,               0.004951,               0.004951,               0.004951
                    104,                0.87683,                 0.9622,                 1.2389,                0.78112,                0.73185,                0.80096,                0.60307,                0.92074,                0.83515,                 1.2337,              0.0049015,              0.0049015,              0.0049015
                    105,                0.87721,                0.95758,                 1.2373,                0.78406,                0.72962,                0.80146,                0.60336,                0.92029,                0.83303,                 1.2332,               0.004852,               0.004852,               0.004852
                    106,                0.87219,                  0.956,                 1.2317,                0.78899,                0.72808,                0.80193,                0.60412,                 0.9195,                0.83126,                 1.2324,              0.0048025,              0.0048025,              0.0048025
                    107,                0.86903,                0.95388,                 1.2306,                0.78988,                0.72864,                0.80233,                 0.6048,                0.91919,                0.82956,                 1.2321,               0.004753,               0.004753,               0.004753
                    108,                0.86948,                 0.9462,                 1.2292,                 0.7925,                0.72817,                0.80301,                0.60554,                0.91871,                 0.8277,                 1.2315,              0.0047035,              0.0047035,              0.0047035
                    109,                0.86862,                0.93972,                 1.2288,                0.79358,                0.72817,                 0.8038,                0.60593,                0.91839,                0.82597,                  1.231,               0.004654,               0.004654,               0.004654
                    110,                0.86317,                0.93001,                 1.2256,                0.79133,                0.72931,                0.80421,                0.60653,                0.91808,                0.82443,                 1.2305,              0.0046045,              0.0046045,              0.0046045
                    111,                0.86387,                0.93094,                 1.2259,                0.79207,                0.73052,                0.80438,                0.60666,                0.91786,                0.82263,                 1.2301,               0.004555,               0.004555,               0.004555
                    112,                0.85769,                 0.9273,                 1.2213,                0.78993,                0.73442,                  0.805,                0.60721,                0.91755,                0.82133,                 1.2297,              0.0045055,              0.0045055,              0.0045055
                    113,                0.85745,                0.92265,                 1.2207,                 0.7897,                0.73462,                 0.8052,                0.60768,                0.91732,                0.81991,                 1.2293,               0.004456,               0.004456,               0.004456
                    114,                 0.8502,                  0.919,                 1.2181,                0.78982,                0.73563,                0.80578,                 0.6083,                0.91708,                0.81825,                  1.229,              0.0044065,              0.0044065,              0.0044065
                    115,                0.85652,                0.91927,                 1.2193,                0.78982,                0.73494,                0.80593,                0.60884,                0.91677,                0.81661,                 1.2287,               0.004357,               0.004357,               0.004357
                    116,                 0.8512,                0.91731,                 1.2174,                0.78904,                0.73601,                0.80629,                0.60968,                0.91642,                0.81502,                 1.2282,              0.0043075,              0.0043075,              0.0043075
                    117,                 0.8425,                 0.9017,                 1.2109,                 0.7899,                 0.7349,                0.80644,                0.61001,                0.91626,                0.81392,                 1.2279,               0.004258,               0.004258,               0.004258
                    118,                0.84733,                0.90176,                 1.2107,                0.79138,                0.73535,                0.80723,                0.61051,                0.91616,                0.81259,                 1.2275,              0.0042085,              0.0042085,              0.0042085
                    119,                0.84617,                0.89575,                 1.2096,                0.79016,                0.73644,                0.80756,                0.61113,                0.91607,                0.81145,                 1.2272,               0.004159,               0.004159,               0.004159
                    120,                   0.84,                0.89247,                 1.2078,                 0.7939,                0.73441,                0.80797,                0.61131,                0.91623,                0.80984,                 1.2272,              0.0041095,              0.0041095,              0.0041095
                    121,                0.83987,                0.88918,                 1.2087,                0.79437,                0.73427,                0.80841,                0.61193,                0.91606,                0.80875,                  1.227,                0.00406,                0.00406,                0.00406
                    122,                0.83433,                0.88412,                 1.2044,                0.79318,                0.73494,                0.80871,                0.61233,                0.91584,                0.80748,                 1.2267,              0.0040105,              0.0040105,              0.0040105
                    123,                0.83602,                0.88946,                 1.2081,                0.79477,                0.73404,                0.80903,                0.61253,                0.91583,                0.80593,                 1.2265,               0.003961,               0.003961,               0.003961
                    124,                0.82907,                0.87331,                 1.1991,                0.79692,                0.73344,                0.80924,                0.61286,                0.91577,                0.80501,                 1.2263,              0.0039115,              0.0039115,              0.0039115
                    125,                0.82878,                0.86939,                 1.1987,                0.79612,                0.73664,                0.80988,                0.61345,                0.91554,                0.80391,                 1.2258,               0.003862,               0.003862,               0.003862
                    126,                 0.8292,                0.87143,                 1.2002,                0.79494,                0.73768,                0.80997,                0.61374,                0.91531,                0.80285,                 1.2255,              0.0038125,              0.0038125,              0.0038125
                    127,                0.82985,                 0.8602,                 1.1949,                0.79546,                0.73795,                0.81034,                0.61403,                0.91516,                0.80182,                  1.225,               0.003763,               0.003763,               0.003763
                    128,                0.82288,                0.85305,                 1.1933,                0.79065,                0.74318,                0.81091,                0.61454,                 0.9151,                0.80073,                 1.2247,              0.0037135,              0.0037135,              0.0037135
                    129,                0.82791,                 0.8639,                 1.1986,                0.79042,                0.74253,                0.81127,                0.61474,                0.91502,                0.79963,                 1.2243,               0.003664,               0.003664,               0.003664
                    130,                0.82263,                0.85472,                 1.1908,                0.79067,                0.74355,                0.81159,                0.61544,                 0.9148,                0.79859,                 1.2239,              0.0036145,              0.0036145,              0.0036145
                    131,                0.81979,                 0.8475,                  1.189,                0.79047,                0.74286,                0.81174,                0.61565,                0.91459,                0.79769,                 1.2235,               0.003565,               0.003565,               0.003565
                    132,                0.81611,                0.84472,                 1.1886,                0.79069,                0.74308,                0.81197,                 0.6164,                0.91437,                0.79706,                 1.2232,              0.0035155,              0.0035155,              0.0035155
                    133,                0.81506,                0.83964,                 1.1854,                0.79212,                0.74354,                0.81238,                0.61639,                0.91431,                0.79604,                 1.2229,               0.003466,               0.003466,               0.003466
                    134,                0.81334,                0.83494,                 1.1863,                0.79372,                0.74386,                0.81268,                0.61661,                0.91421,                0.79512,                 1.2225,              0.0034165,              0.0034165,              0.0034165
                    135,                0.80787,                0.82825,                 1.1827,                 0.7941,                0.74459,                0.81299,                0.61686,                0.91427,                0.79423,                 1.2224,               0.003367,               0.003367,               0.003367
                    136,                 0.8064,                0.82249,                  1.182,                0.79567,                0.74362,                 0.8133,                0.61675,                0.91409,                0.79354,                  1.222,              0.0033175,              0.0033175,              0.0033175
                    137,                0.80514,                0.82021,                 1.1775,                0.79838,                 0.7417,                0.81354,                0.61726,                0.91385,                0.79269,                 1.2216,               0.003268,               0.003268,               0.003268
                    138,                0.80193,                0.81507,                 1.1777,                0.79971,                0.74088,                0.81392,                0.61762,                0.91374,                0.79202,                 1.2214,              0.0032185,              0.0032185,              0.0032185
                    139,                0.80171,                0.81457,                 1.1755,                 0.7993,                0.74213,                0.81405,                 0.6182,                 0.9135,                0.79139,                 1.2212,               0.003169,               0.003169,               0.003169
                    140,                0.79807,                0.80943,                  1.173,                0.80008,                0.74338,                0.81417,                0.61797,                0.91342,                0.79101,                 1.2211,              0.0031195,              0.0031195,              0.0031195
                    141,                0.79072,                0.80425,                 1.1696,                 0.7983,                 0.7443,                0.81408,                0.61834,                0.91325,                0.79055,                 1.2209,                0.00307,                0.00307,                0.00307
                    142,                0.79944,                 0.8056,                 1.1744,                0.79628,                0.74634,                0.81427,                 0.6187,                 0.9131,                0.78967,                 1.2206,              0.0030205,              0.0030205,              0.0030205
                    143,                0.79284,                0.80128,                  1.172,                0.79799,                0.74625,                 0.8146,                0.61917,                0.91305,                0.78891,                 1.2205,               0.002971,               0.002971,               0.002971
                    144,                0.79427,                0.79275,                 1.1698,                0.79728,                0.74702,                0.81472,                0.61919,                0.91314,                0.78822,                 1.2204,              0.0029215,              0.0029215,              0.0029215
                    145,                0.78688,                0.79054,                 1.1659,                0.79989,                0.74608,                0.81483,                0.61949,                 0.9128,                0.78776,                 1.2198,               0.002872,               0.002872,               0.002872
                    146,                0.78999,                0.79041,                 1.1665,                0.80457,                0.74236,                0.81486,                0.61969,                 0.9128,                0.78731,                 1.2198,              0.0028225,              0.0028225,              0.0028225
                    147,                 0.7831,                0.78337,                 1.1646,                0.80317,                0.74371,                0.81495,                0.62001,                0.91295,                0.78674,                 1.2199,               0.002773,               0.002773,               0.002773
                    148,                0.78451,                0.78329,                 1.1614,                0.80051,                0.74571,                0.81497,                0.62025,                 0.9132,                0.78612,                   1.22,              0.0027235,              0.0027235,              0.0027235
                    149,                0.78228,                0.77904,                 1.1614,                0.80428,                 0.7431,                 0.8151,                 0.6201,                0.91336,                0.78612,                 1.2199,               0.002674,               0.002674,               0.002674
                    150,                0.77447,                0.77119,                 1.1607,                0.80393,                0.74468,                0.81533,                0.62049,                0.91371,                0.78565,                   1.22,              0.0026245,              0.0026245,              0.0026245
                    151,                0.77193,                0.76602,                 1.1576,                0.80365,                0.74567,                0.81551,                 0.6209,                0.91339,                0.78559,                 1.2196,               0.002575,               0.002575,               0.002575
                    152,                 0.7768,                0.77046,                 1.1582,                0.80191,                0.74753,                0.81557,                0.62107,                0.91367,                0.78508,                 1.2197,              0.0025255,              0.0025255,              0.0025255
                    153,                0.77378,                0.76275,                 1.1544,                0.80043,                0.74867,                0.81535,                0.62127,                0.91371,                0.78446,                 1.2196,               0.002476,               0.002476,               0.002476
                    154,                0.76819,                0.75864,                 1.1526,                0.80203,                0.74951,                0.81585,                0.62183,                0.91403,                0.78431,                 1.2198,              0.0024265,              0.0024265,              0.0024265
                    155,                0.76178,                0.74836,                 1.1466,                0.79986,                0.75002,                0.81577,                0.62187,                0.91379,                0.78363,                 1.2193,               0.002377,               0.002377,               0.002377
                    156,                0.76527,                0.74809,                 1.1496,                0.79907,                0.74994,                0.81581,                0.62216,                0.91408,                0.78313,                 1.2192,              0.0023275,              0.0023275,              0.0023275
                    157,                0.76191,                  0.745,                 1.1484,                0.80027,                0.75014,                0.81586,                0.62217,                0.91399,                0.78301,                  1.219,               0.002278,               0.002278,               0.002278
                    158,                0.76298,                0.74182,                 1.1463,                0.80119,                 0.7503,                0.81605,                0.62234,                 0.9139,                0.78287,                 1.2188,              0.0022285,              0.0022285,              0.0022285
                    159,                0.75183,                0.73721,                 1.1406,                0.80058,                0.75093,                0.81625,                0.62238,                0.91392,                0.78266,                 1.2186,               0.002179,               0.002179,               0.002179
                    160,                0.75172,                0.73506,                 1.1412,                0.80343,                0.74794,                0.81621,                0.62261,                0.91402,                0.78238,                 1.2184,              0.0021295,              0.0021295,              0.0021295
                    161,                0.74928,                0.72555,                 1.1401,                0.80399,                0.74855,                0.81635,                0.62266,                0.91401,                0.78212,                 1.2183,                0.00208,                0.00208,                0.00208
                    162,                0.74978,                0.72239,                 1.1376,                0.80473,                0.74796,                0.81625,                 0.6228,                 0.9142,                0.78187,                 1.2182,              0.0020305,              0.0020305,              0.0020305
                    163,                0.74623,                0.71895,                 1.1372,                0.80504,                0.74767,                 0.8162,                0.62275,                0.91439,                0.78194,                 1.2182,               0.001981,               0.001981,               0.001981
                    164,                0.74736,                0.72411,                 1.1372,                0.80643,                0.74528,                0.81628,                0.62317,                0.91473,                0.78197,                 1.2185,              0.0019315,              0.0019315,              0.0019315
                    165,                0.74247,                0.70978,                 1.1324,                0.80983,                 0.7426,                0.81641,                0.62321,                0.91455,                0.78195,                 1.2183,               0.001882,               0.001882,               0.001882
                    166,                0.74081,                0.70602,                 1.1297,                0.80979,                0.74271,                0.81609,                0.62326,                0.91504,                 0.7818,                 1.2186,              0.0018325,              0.0018325,              0.0018325
                    167,                0.73965,                0.70692,                 1.1326,                0.81194,                0.74164,                0.81606,                0.62335,                0.91485,                0.78185,                 1.2183,               0.001783,               0.001783,               0.001783
                    168,                0.73929,                 0.7085,                  1.128,                0.81444,                0.74079,                0.81597,                0.62306,                0.91506,                0.78182,                 1.2184,              0.0017335,              0.0017335,              0.0017335
                    169,                0.73558,                0.69649,                 1.1279,                 0.8145,                0.74084,                0.81585,                0.62342,                0.91506,                0.78187,                 1.2183,               0.001684,               0.001684,               0.001684
                    170,                 0.7352,                0.69743,                 1.1263,                0.81495,                0.74108,                0.81581,                0.62361,                0.91529,                0.78165,                 1.2184,              0.0016345,              0.0016345,              0.0016345
                    171,                0.72744,                0.69103,                 1.1235,                0.81621,                0.74061,                0.81571,                0.62351,                0.91522,                 0.7817,                 1.2183,               0.001585,               0.001585,               0.001585
                    172,                 0.7259,                 0.6882,                 1.1239,                0.81622,                 0.7409,                0.81573,                0.62383,                0.91528,                0.78178,                 1.2182,              0.0015355,              0.0015355,              0.0015355
                    173,                 0.7247,                0.68583,                 1.1214,                 0.8155,                0.74122,                0.81592,                0.62379,                0.91539,                0.78186,                 1.2183,               0.001486,               0.001486,               0.001486
                    174,                0.72237,                0.67753,                 1.1197,                0.81608,                0.74068,                0.81588,                0.62379,                0.91544,                0.78201,                 1.2183,              0.0014365,              0.0014365,              0.0014365
                    175,                0.72118,                0.67773,                  1.117,                0.81654,                0.74148,                  0.816,                 0.6239,                0.91567,                0.78199,                 1.2184,               0.001387,               0.001387,               0.001387
                    176,                0.71915,                0.67182,                 1.1175,                0.81537,                0.74138,                0.81575,                0.62376,                 0.9158,                0.78197,                 1.2186,              0.0013375,              0.0013375,              0.0013375
                    177,                 0.7147,                 0.6657,                 1.1162,                 0.8161,                0.74111,                0.81604,                  0.624,                0.91582,                0.78225,                 1.2187,               0.001288,               0.001288,               0.001288
                    178,                 0.7182,                0.66811,                 1.1183,                0.81501,                0.74151,                0.81608,                0.62432,                 0.9162,                0.78201,                 1.2191,              0.0012385,              0.0012385,              0.0012385
                    179,                0.71132,                  0.661,                 1.1132,                0.81446,                0.74165,                0.81599,                0.62429,                0.91613,                0.78191,                 1.2191,               0.001189,               0.001189,               0.001189
                    180,                0.71058,                0.65603,                 1.1124,                0.81275,                0.74152,                0.81567,                0.62405,                0.91622,                0.78179,                 1.2191,              0.0011395,              0.0011395,              0.0011395
                    181,                0.70497,                0.65303,                 1.1071,                0.81181,                0.74219,                0.81562,                0.62415,                0.91603,                0.78193,                 1.2189,                0.00109,                0.00109,                0.00109
                    182,                0.70812,                0.65151,                 1.1091,                0.81118,                0.74197,                0.81548,                0.62413,                0.91632,                0.78192,                 1.2192,              0.0010405,              0.0010405,              0.0010405
                    183,                0.70261,                0.64525,                 1.1072,                0.81301,                0.74228,                0.81547,                0.62421,                0.91638,                0.78195,                 1.2191,               0.000991,               0.000991,               0.000991
                    184,                0.69751,                 0.6422,                 1.1028,                0.81325,                 0.7412,                0.81532,                0.62443,                0.91651,                0.78184,                 1.2192,              0.0009415,              0.0009415,              0.0009415
                    185,                0.69934,                0.64227,                 1.1034,                0.81246,                0.74215,                0.81546,                0.62424,                0.91681,                0.78162,                 1.2194,               0.000892,               0.000892,               0.000892
                    186,                0.69869,                0.63727,                 1.1021,                 0.8126,                0.74195,                0.81524,                0.62404,                0.91713,                0.78147,                 1.2196,              0.0008425,              0.0008425,              0.0008425
                    187,                0.69109,                0.62705,                 1.0964,                0.81275,                 0.7423,                0.81509,                0.62388,                0.91722,                0.78119,                 1.2197,               0.000793,               0.000793,               0.000793
                    188,                0.69071,                0.63121,                  1.098,                0.81371,                0.74138,                0.81499,                0.62389,                 0.9175,                0.78115,                 1.2198,              0.0007435,              0.0007435,              0.0007435
                    189,                0.68602,                0.62509,                  1.097,                 0.8142,                0.74066,                0.81484,                0.62383,                0.91792,                0.78114,                 1.2202,               0.000694,               0.000694,               0.000694
                    190,                0.68821,                 0.6232,                 1.0974,                0.81461,                0.74069,                 0.8147,                0.62363,                0.91808,                0.78082,                 1.2205,              0.0006445,              0.0006445,              0.0006445
                    191,                0.68515,                0.61985,                 1.0934,                0.81818,                0.73712,                0.81483,                0.62327,                0.91836,                 0.7809,                 1.2207,               0.000595,               0.000595,               0.000595
                    192,                0.68222,                0.61651,                 1.0942,                0.81776,                0.73769,                0.81469,                0.62315,                0.91876,                0.78084,                  1.221,              0.0005455,              0.0005455,              0.0005455
                    193,                0.68025,                 0.6116,                 1.0924,                0.81757,                0.73679,                0.81448,                0.62307,                0.91904,                0.78094,                 1.2214,               0.000496,               0.000496,               0.000496
                    194,                0.68152,                0.61499,                 1.0925,                 0.8183,                0.73738,                 0.8143,                0.62269,                0.91928,                0.78083,                 1.2215,              0.0004465,              0.0004465,              0.0004465
                    195,                0.67593,                 0.6055,                 1.0907,                0.81715,                0.73887,                0.81421,                 0.6224,                0.91964,                0.78085,                  1.222,               0.000397,               0.000397,               0.000397
                    196,                0.67628,                0.60704,                 1.0897,                0.81816,                0.73912,                0.81406,                0.62252,                0.92019,                0.78084,                 1.2225,              0.0003475,              0.0003475,              0.0003475
                    197,                0.67269,                 0.6011,                  1.086,                0.81834,                0.73792,                0.81403,                0.62241,                0.92044,                0.78027,                 1.2228,               0.000298,               0.000298,               0.000298
                    198,                0.67221,                0.60087,                 1.0855,                0.81922,                0.73774,                0.81405,                0.62223,                0.92077,                 0.7801,                 1.2232,              0.0002485,              0.0002485,              0.0002485
                    199,                0.67259,                0.59827,                 1.0857,                0.81863,                0.73833,                0.81401,                0.62215,                 0.9212,                0.77993,                 1.2237,               0.000199,               0.000199,               0.000199
                    200,                0.66862,                0.59429,                 1.0842,                0.81783,                0.74126,                0.81398,                0.62219,                0.92131,                0.77932,                 1.2238,              0.0001495,              0.0001495,              0.0001495
